rental_price,GLA,n_res_benefits,population,d_school,d_transfer,d_mainstreet,n_business,n_earners,d_supermarket,avg_income,%_single_family_homes,k20_high_income,households_with_children,single_households,household_size,k40_low_income,WOZ,n_owner_occupied,urbanity_score,supermarket_1km,k0_k15,k15_k25,k25_k45,k45_k65,k65+
145.0,800.0,960.0,5710,0.3,1.8,1.6,965.0,4500.0,0.4,26.9,22.0,15.5,245,3385,1.3,51.8,253.0,24.0,1.0,8.3,255,2155,1830,840,620
113.0,1000.0,390.0,2160,0.2,1.0,0.6,220.0,1700.0,0.4,26.5,2.0,16.2,165,1050,1.4,43.0,229.0,33.0,1.0,3.0,155,525,940,345,190
145.42897998093423,1049.0,640.0,5975,0.3,2.9,1.2,550.0,5000.0,0.5,24.9,14.0,15.6,385,2855,1.4,50.7,226.0,30.0,1.0,4.7,455,2275,2110,745,380
195.64780701754387,2280.0,640.0,5975,0.3,2.9,1.2,550.0,5000.0,0.5,24.9,14.0,15.6,385,2855,1.4,50.7,226.0,30.0,1.0,4.7,455,2275,2110,745,380
105.0,1400.0,0.0,650,,,,200.0,,0.4,,0.0,,70,175,1.8,,321.0,47.0,2.0,,70,60,265,165,90
139.0,2600.0,0.0,1505,,,,215.0,,0.3,,21.0,,200,405,1.8,,195.0,19.0,2.0,,180,150,475,325,370
155.0,1608.0,950.0,1355,0.5,28.1,1.3,345.0,1300.0,0.3,23.3,14.0,6.4,70,500,1.5,56.3,202.0,45.0,2.0,3.0,40,75,110,245,880
134.0,2400.0,1140.0,3310,0.5,27.5,2.0,260.0,2700.0,0.8,21.5,74.0,7.9,510,660,2.1,52.5,143.0,51.0,3.0,1.9,515,390,795,935,680
134.0,1000.0,1140.0,3310,0.5,27.5,2.0,260.0,2700.0,0.8,21.5,74.0,7.9,510,660,2.1,52.5,143.0,51.0,3.0,1.9,515,390,795,935,680
154.0,700.0,410.0,815,0.4,27.5,1.1,65.0,800.0,0.6,21.1,61.0,8.1,65,305,1.5,59.8,163.0,14.0,3.0,3.7,50,85,170,230,280
165.0,1520.0,1200.0,3610,0.5,4.5,1.9,255.0,3000.0,0.9,26.2,71.0,14.4,515,655,2.0,39.7,207.0,55.0,3.0,1.3,495,315,755,1030,1015
113.0,1371.0,1200.0,3610,0.5,4.5,1.9,255.0,3000.0,0.9,26.2,71.0,14.4,515,655,2.0,39.7,207.0,55.0,3.0,1.3,495,315,755,1030,1015
132.0,200.0,650.0,1355,0.4,22.7,2.4,360.0,1200.0,0.3,26.1,20.0,11.3,110,500,1.6,45.7,210.0,39.0,2.0,7.7,85,125,265,330,555
139.0,1536.0,1430.0,4380,0.5,24.4,1.7,210.0,3400.0,0.5,19.9,73.0,5.7,670,1010,2.0,52.8,154.0,37.0,2.0,3.0,765,485,1210,1065,850
114.0,1503.0,1430.0,4380,0.5,24.4,1.7,210.0,3400.0,0.5,19.9,73.0,5.7,670,1010,2.0,52.8,154.0,37.0,2.0,3.0,765,485,1210,1065,850
112.0,1200.0,130.0,380,0.7,12.7,1.5,35.0,300.0,0.4,25.5,93.0,17.4,55,55,2.3,41.3,286.0,96.0,3.0,5.9,65,40,80,90,115
174.0,2393.0,220.0,815,0.5,4.2,2.8,75.0,600.0,0.4,24.6,93.0,17.3,140,105,2.3,41.3,236.0,55.0,3.0,2.0,145,90,180,265,130
193.0,1743.0,290.0,845,0.4,6.0,1.5,95.0,600.0,0.2,26.8,49.0,18.3,105,135,2.0,32.7,256.0,50.0,3.0,2.0,125,60,255,160,245
225.0,1955.0,290.0,845,0.4,6.0,1.5,95.0,600.0,0.2,26.8,49.0,18.3,105,135,2.0,32.7,256.0,50.0,3.0,2.0,125,60,255,160,245
123.0,865.0,1210.0,3825,0.6,16.5,0.7,255.0,3100.0,0.8,25.5,91.0,14.2,550,490,2.3,41.8,213.0,71.0,5.0,0.8,580,410,770,1075,985
156.0,1999.0,3180.0,7685,0.9,3.5,2.0,345.0,6100.0,0.9,20.5,73.0,6.6,1100,1745,1.9,55.1,151.0,46.0,3.0,1.0,1130,940,1645,2025,1940
153.0,2599.0,690.0,1345,0.3,23.3,1.2,380.0,1200.0,0.4,26.0,5.0,8.7,60,590,1.4,48.0,188.0,37.0,2.0,3.6,50,140,285,295,575
152.0,925.0,1380.0,4235,0.5,24.8,1.6,205.0,3400.0,0.5,21.9,64.0,8.2,630,825,2.1,47.2,168.0,54.0,3.0,2.0,690,540,965,1050,995
127.0,2650.0,910.0,2085,0.5,23.0,1.0,175.0,1500.0,0.6,23.5,56.0,11.5,260,350,2.0,46.5,172.0,40.0,2.0,4.0,270,205,425,450,735
156.0,2018.0,320.0,1280,0.2,1.2,1.2,155.0,1100.0,0.3,26.4,82.0,17.0,175,320,1.9,40.3,225.0,64.0,2.0,4.6,170,160,315,385,255
157.0,1439.0,1620.0,3255,0.8,5.6,1.2,455.0,2800.0,0.4,29.1,46.0,15.9,305,835,1.8,45.0,267.0,46.0,2.0,4.5,275,255,530,785,1400
88.0,816.0,540.0,1125,0.6,14.0,0.4,150.0,900.0,0.3,28.0,53.0,13.8,100,260,1.9,43.4,290.0,51.0,4.0,4.0,120,70,190,230,505
141.0,1746.0,720.0,2880,0.3,0.7,1.6,875.0,2400.0,0.3,32.4,11.0,18.1,175,1345,1.4,37.8,238.0,20.0,1.0,6.2,155,500,1140,620,465
171.0,1682.0,410.0,1895,0.3,0.8,1.9,195.0,1500.0,0.4,25.0,76.0,15.3,230,685,1.7,42.5,211.0,56.0,1.0,5.2,205,415,575,495,220
150.0,940.0,1460.0,3600,0.3,2.8,1.8,235.0,3000.0,0.5,23.7,41.0,10.9,485,930,1.9,48.9,212.0,31.0,2.0,2.0,530,350,725,885,1110
186.57987012987013,1540.0,370.0,1760,0.3,5.7,1.9,140.0,1400.0,0.3,26.4,88.0,21.5,325,180,2.5,35.7,295.0,82.0,3.0,2.0,310,245,375,560,275
213.17283950617283,810.0,370.0,1760,0.3,5.7,1.9,140.0,1400.0,0.3,26.4,88.0,21.5,325,180,2.5,35.7,295.0,82.0,3.0,2.0,310,245,375,560,275
156.0,1050.0,890.0,3465,0.6,0.8,1.9,840.0,2900.0,0.2,23.9,2.0,10.8,135,1890,1.3,55.0,186.0,7.0,1.0,7.8,125,1085,1305,550,405
153.0,200.0,890.0,3465,0.6,0.8,1.9,840.0,2900.0,0.2,23.9,2.0,10.8,135,1890,1.3,55.0,186.0,7.0,1.0,7.8,125,1085,1305,550,405
102.0,2800.0,1050.0,3670,0.5,2.6,1.8,435.0,3000.0,0.5,24.7,74.0,13.7,590,705,2.1,48.1,246.0,44.0,2.0,1.7,620,470,890,1040,645
142.0,1250.0,460.0,1590,0.4,2.9,2.6,90.0,1300.0,0.5,21.7,68.0,11.9,265,330,2.1,54.1,206.0,48.0,2.0,3.5,205,265,405,475,235
155.0,1570.0,1590.0,4535,0.4,2.2,1.0,285.0,3700.0,0.5,21.4,45.0,8.1,600,1240,1.9,54.1,187.0,36.0,2.0,2.1,565,675,1180,1230,885
178.0,2022.0,1590.0,4535,0.4,2.2,1.0,285.0,3700.0,0.5,21.4,45.0,8.1,600,1240,1.9,54.1,187.0,36.0,2.0,2.1,565,675,1180,1230,885
130.0,1082.0,1040.0,3405,0.5,2.7,1.6,255.0,2800.0,0.4,28.0,77.0,16.5,505,615,2.1,37.5,247.0,76.0,2.0,2.6,515,340,770,905,875
150.0,2966.0,1620.0,3875,0.6,3.9,1.2,340.0,3100.0,0.6,16.1,52.0,2.8,550,915,2.0,69.3,157.0,18.0,2.0,3.2,585,605,800,960,925
118.0,1600.0,890.0,1530,0.9,14.9,1.5,290.0,1400.0,0.3,25.6,20.0,10.3,85,505,1.6,46.5,280.0,60.0,3.0,4.8,60,75,245,325,830
186.0,1722.0,270.0,1120,0.5,0.5,2.4,510.0,900.0,0.3,25.4,6.0,9.8,50,635,1.3,42.7,185.0,21.0,1.0,3.9,35,275,445,185,170
212.0,1400.0,1170.0,3480,0.4,1.6,2.5,345.0,2800.0,0.6,26.8,56.0,14.0,425,905,1.8,41.1,221.0,57.0,1.0,4.0,420,340,865,860,995
212.0,800.0,1170.0,3480,0.4,1.6,2.5,345.0,2800.0,0.6,26.8,56.0,14.0,425,905,1.8,41.1,221.0,57.0,1.0,4.0,420,340,865,860,995
173.0,1018.0,1400.0,4285,0.5,2.2,1.4,320.0,3600.0,0.6,27.5,77.0,13.5,560,1110,1.8,44.0,230.0,45.0,2.0,0.9,490,490,1030,1265,1010
172.0,1860.0,960.0,2995,0.3,15.6,1.6,170.0,2300.0,0.4,21.5,60.0,9.9,460,465,2.3,48.0,252.0,41.0,2.0,3.0,600,290,775,635,705
150.0,2103.0,960.0,2995,0.3,15.6,1.6,170.0,2300.0,0.4,21.5,60.0,9.9,460,465,2.3,48.0,252.0,41.0,2.0,3.0,600,290,775,635,705
147.0,1099.0,90.0,485,1.1,16.9,1.0,625.0,400.0,0.6,22.6,93.0,17.6,85,50,2.6,50.3,364.0,83.0,4.0,1.2,85,70,105,145,75
140.0,1223.0,780.0,2655,0.6,27.8,0.6,215.0,2200.0,0.6,25.3,87.0,13.7,365,395,2.2,43.9,224.0,66.0,5.0,0.9,390,305,585,715,655
107.0,1400.0,1230.0,2450,0.3,11.2,1.0,425.0,2200.0,0.3,28.2,25.0,13.3,185,920,1.6,45.1,236.0,27.0,2.0,3.8,120,265,465,530,1060
130.0,1070.0,1030.0,5270,0.5,12.3,1.1,400.0,4200.0,1.2,30.5,89.0,24.5,945,355,2.7,34.2,364.0,86.0,3.0,0.6,950,755,1050,1660,855
141.0,700.0,400.0,825,0.7,18.2,1.3,200.0,800.0,0.3,27.3,23.0,9.5,40,405,1.4,41.7,240.0,48.0,3.0,4.0,25,80,170,190,360
106.0,850.0,390.0,1465,0.3,11.3,1.6,205.0,1200.0,0.3,25.5,75.0,13.7,215,215,2.2,41.0,302.0,72.0,4.0,2.8,195,175,365,380,355
204.0,675.0,380.0,2295,0.8,0.9,1.1,845.0,2200.0,0.4,35.0,18.0,21.1,120,1035,1.5,34.5,306.0,26.0,1.0,6.6,110,525,1015,415,225
192.0,1377.0,640.0,2640,0.3,3.3,1.5,200.0,2100.0,0.4,21.9,30.0,7.6,390,775,1.8,49.3,187.0,33.0,2.0,3.0,495,340,1020,570,205
113.0,1230.0,1000.0,3450,0.5,3.7,2.2,260.0,2800.0,0.4,23.8,75.0,11.2,530,640,2.1,43.7,230.0,49.0,2.0,2.0,550,345,895,950,710
165.0,250.0,60.0,335,0.4,0.3,2.9,200.0,300.0,0.5,29.0,1.0,13.4,20,165,1.4,35.2,198.0,19.0,1.0,5.1,20,70,165,50,30
190.0,3391.0,340.0,2490,0.4,7.0,2.0,280.0,1600.0,0.6,24.9,63.0,22.3,475,355,2.3,34.3,284.0,29.0,2.0,1.0,615,220,1135,385,135
152.0,1100.0,640.0,1690,0.4,15.0,1.5,480.0,1500.0,0.3,29.1,17.0,15.1,120,645,1.6,38.7,309.0,53.0,2.0,6.4,105,240,420,345,575
189.0,834.0,530.0,880,0.7,7.0,2.4,195.0,700.0,0.2,28.2,9.0,11.8,45,320,1.5,40.7,239.0,34.0,2.0,4.0,35,30,165,170,485
140.0,1000.0,600.0,1370,0.6,7.7,0.8,210.0,1100.0,0.3,29.2,60.0,19.9,145,270,2.0,41.6,285.0,54.0,4.0,3.0,130,120,185,390,550
121.0,1389.0,920.0,3215,0.9,23.7,1.1,290.0,2600.0,0.6,28.4,91.0,18.5,490,435,2.2,40.2,320.0,62.0,4.0,1.0,470,340,670,980,750
161.0,1378.0,270.0,1210,0.5,21.9,1.9,150.0,1000.0,0.4,34.0,88.0,22.8,205,180,2.3,38.8,303.0,59.0,2.0,2.4,210,130,300,350,220
229.0,2132.0,530.0,1845,0.4,22.9,1.7,145.0,1400.0,0.5,,46.0,25.7,280,310,2.2,34.1,352.0,62.0,3.0,1.8,365,140,525,360,450
157.0,1427.5,820.0,2200,1.2,25.3,1.5,115.0,1800.0,0.7,18.2,65.0,4.7,345,500,2.0,58.1,160.0,28.0,3.0,2.2,370,305,520,565,445
145.0,1068.0,440.0,1830,0.8,24.1,0.9,145.0,1500.0,0.5,26.3,89.0,16.5,290,255,2.3,38.2,245.0,72.0,3.0,1.2,285,235,405,585,315
112.0,967.56,810.0,2445,0.5,24.1,1.7,170.0,1900.0,0.4,17.8,89.0,6.2,400,405,2.2,59.3,182.0,21.0,2.0,3.5,440,335,600,660,405
193.0,850.65,810.0,2445,0.5,24.1,1.7,170.0,1900.0,0.4,17.8,89.0,6.2,400,405,2.2,59.3,182.0,21.0,2.0,3.5,440,335,600,660,405
150.0,1627.0,2380.0,7050,0.7,19.0,2.8,770.0,5500.0,0.7,28.6,64.0,17.6,980,1130,2.1,39.8,306.0,55.0,3.0,3.1,950,685,1590,2010,1815
203.0,1000.0,1190.0,4395,0.6,10.9,2.6,405.0,3800.0,0.7,29.8,89.0,19.6,710,575,2.2,38.0,295.0,63.0,3.0,0.8,545,525,800,1540,980
178.0,2500.0,120.0,1160,0.3,4.1,1.0,115.0,900.0,1.1,28.6,92.0,31.3,220,65,3.0,36.3,365.0,73.0,3.0,0.4,280,180,300,335,75
182.0,1662.0,720.0,3205,0.4,2.5,0.8,195.0,2600.0,0.9,24.1,88.0,13.3,520,485,2.3,42.3,244.0,62.0,2.0,1.4,555,405,845,930,475
172.0,1397.0,720.0,3205,0.4,2.5,0.8,195.0,2600.0,0.9,24.1,88.0,13.3,520,485,2.3,42.3,244.0,62.0,2.0,1.4,555,405,845,930,475
156.0,1437.0,400.0,1090,0.5,25.5,0.7,105.0,900.0,0.4,19.6,59.0,7.6,170,255,2.0,56.1,247.0,21.0,2.0,1.9,170,130,275,300,220
176.0,1600.0,1030.0,2600,0.8,16.7,1.2,355.0,2100.0,0.8,33.8,77.0,24.5,315,405,2.1,37.4,370.0,76.0,3.0,1.9,315,235,350,730,975
139.61449275362318,1380.0,1030.0,2600,0.8,16.7,1.2,355.0,2100.0,0.8,33.8,77.0,24.5,315,405,2.1,37.4,370.0,76.0,3.0,1.9,315,235,350,730,975
147.0,400.0,260.0,905,0.4,12.9,1.0,285.0,800.0,0.4,26.8,25.0,15.2,95,270,1.8,38.3,305.0,44.0,2.0,2.6,95,125,300,185,210
183.0,2246.0,1200.0,6145,0.4,1.8,1.1,900.0,5400.0,0.4,32.0,32.0,22.5,575,2575,1.6,40.8,361.0,47.0,1.0,6.8,550,1385,1910,1410,895
161.0,1470.0,610.0,1380,0.7,22.9,0.6,310.0,1200.0,0.4,25.9,35.0,12.1,115,410,1.7,43.9,327.0,52.0,2.0,7.3,125,105,325,265,555
176.0,2000.0,390.0,1125,0.3,4.4,1.9,230.0,900.0,0.5,30.7,78.0,24.9,150,200,2.1,35.1,349.0,63.0,3.0,3.7,195,65,190,335,345
143.0,1060.0,2390.0,7360,0.5,13.9,0.7,605.0,6100.0,0.5,24.8,83.0,12.6,1130,1395,2.1,43.5,215.0,55.0,3.0,3.8,1030,790,1595,2205,1745
203.0,1500.0,2390.0,7360,0.5,13.9,0.7,605.0,6100.0,0.5,24.8,83.0,12.6,1130,1395,2.1,43.5,215.0,55.0,3.0,3.8,1030,790,1595,2205,1745
111.61915584415584,3080.0,2560.0,7295,0.6,5.9,1.1,700.0,5800.0,0.5,23.8,75.0,11.3,1005,1700,1.9,48.7,233.0,38.0,2.0,3.5,995,850,1665,1980,1815
177.0,1586.0,600.0,2805,0.6,28.4,1.4,370.0,2200.0,0.9,29.4,70.0,20.7,450,370,2.3,36.3,285.0,85.0,2.0,2.1,385,360,705,835,520
167.0,1550.0,610.0,1455,1.4,11.1,1.6,85.0,1200.0,0.4,21.3,78.0,7.9,220,295,2.0,53.6,237.0,28.0,2.0,2.7,195,155,255,410,430
171.0,1209.0,610.0,1455,1.4,11.1,1.6,85.0,1200.0,0.4,21.3,78.0,7.9,220,295,2.0,53.6,237.0,28.0,2.0,2.7,195,155,255,410,430
170.0,1250.0,1570.0,5005,0.5,14.9,1.5,540.0,3900.0,0.9,25.9,83.0,16.5,770,730,2.3,45.2,281.0,45.0,3.0,2.4,825,595,1075,1290,1220
172.0,2405.0,620.0,1360,1.1,15.4,1.6,320.0,1100.0,0.3,26.9,17.0,11.7,85,560,1.5,39.2,213.0,37.0,2.0,4.4,75,105,350,285,540
147.0,1000.0,620.0,1360,1.1,15.4,1.6,320.0,1100.0,0.3,26.9,17.0,11.7,85,560,1.5,39.2,213.0,37.0,2.0,4.4,75,105,350,285,540
122.0,1371.0,310.0,1150,0.2,1.5,0.6,135.0,800.0,0.3,25.0,75.0,19.0,185,175,2.2,40.2,260.0,64.0,3.0,1.1,200,130,235,375,210
178.0,1327.0,370.0,1755,0.5,5.1,0.5,135.0,1400.0,0.5,27.7,83.0,22.8,320,185,2.5,36.3,282.0,72.0,3.0,1.0,315,245,400,545,250
179.0,1857.0,420.0,805,0.5,18.5,1.7,240.0,700.0,0.3,28.3,21.0,13.9,55,250,1.6,41.9,289.0,60.0,3.0,6.0,55,55,160,150,380
181.0,1773.0,420.0,805,0.5,18.5,1.7,240.0,700.0,0.3,28.3,21.0,13.9,55,250,1.6,41.9,289.0,60.0,3.0,6.0,55,55,160,150,380
102.0,2600.0,50.0,200,1.0,1.6,2.0,165.0,100.0,0.2,42.5,1.0,32.2,15,35,1.8,19.0,494.0,41.0,1.0,6.2,10,20,75,75,30
197.0,2511.0,260.0,1610,0.3,1.6,2.0,365.0,1400.0,0.6,35.4,61.0,29.6,205,460,1.8,30.8,412.0,67.0,1.0,5.0,235,225,465,475,210
219.0,480.0,390.0,1900,0.6,2.1,1.1,305.0,1500.0,0.5,40.1,64.0,38.2,290,310,2.2,25.5,536.0,83.0,2.0,3.5,385,185,420,560,355
178.0,1127.0,1370.0,4785,0.4,6.1,1.2,600.0,3800.0,0.5,31.7,56.0,25.7,730,940,2.1,35.4,386.0,61.0,2.0,2.7,825,470,1085,1260,1155
148.0,160.0,1370.0,4785,0.4,6.1,1.2,600.0,3800.0,0.5,31.7,56.0,25.7,730,940,2.1,35.4,386.0,61.0,2.0,2.7,825,470,1085,1260,1155
287.0,1343.0,480.0,1385,0.4,10.4,2.1,195.0,1100.0,0.2,22.5,19.0,10.1,210,465,1.7,46.8,256.0,9.0,2.0,2.0,240,145,440,310,255
240.0,2105.0,400.0,715,0.6,5.9,2.5,180.0,600.0,0.1,28.5,1.0,11.5,40,275,1.5,32.7,284.0,52.0,2.0,4.2,30,45,160,110,365
127.0,1861.0,330.0,1060,0.6,14.7,0.8,215.0,900.0,0.2,28.3,50.0,17.1,125,320,1.8,37.5,272.0,44.0,3.0,3.0,100,110,275,305,260
143.0,1028.0,650.0,2825,0.7,16.1,0.3,255.0,2200.0,0.6,25.7,95.0,17.4,445,310,2.5,41.1,312.0,65.0,4.0,1.0,550,350,685,720,515
122.0,300.0,1700.0,4935,0.9,8.4,1.1,870.0,4000.0,0.8,39.5,61.0,32.3,675,900,2.1,31.9,462.0,73.0,3.0,2.8,675,475,780,1405,1605
202.0,1255.0,1340.0,4845,0.8,4.0,0.8,355.0,3500.0,0.3,20.6,36.0,12.3,780,995,2.2,52.3,267.0,15.0,1.0,2.3,1005,585,1555,1085,615
205.0,1723.0,1340.0,4845,0.8,4.0,0.8,355.0,3500.0,0.3,20.6,36.0,12.3,780,995,2.2,52.3,267.0,15.0,1.0,2.3,1005,585,1555,1085,615
193.0,535.0,780.0,3715,1.0,3.9,1.9,430.0,2500.0,0.6,27.2,2.0,16.2,280,1585,1.5,42.6,192.0,23.0,1.0,6.0,285,830,1560,580,460
132.0,2283.0,1260.0,4200,0.5,4.6,1.8,390.0,3400.0,0.3,20.2,13.0,10.2,655,1040,2.0,53.7,244.0,15.0,1.0,4.2,860,470,1375,975,515
203.0,1482.0,980.0,4295,0.7,3.9,2.0,570.0,3700.0,0.5,27.7,15.0,17.8,400,1870,1.5,45.3,293.0,37.0,1.0,1.8,415,825,1490,995,565
95.0,850.0,1740.0,8995,0.2,2.4,1.9,1230.0,7500.0,0.5,33.3,48.0,28.8,1185,2340,1.9,34.9,388.0,45.0,1.0,4.5,1350,1125,3295,2150,1075
148.0,1490.0,1950.0,8965,1.1,4.0,1.4,810.0,6800.0,0.3,20.6,12.0,11.5,1280,2175,2.1,51.6,264.0,27.0,1.0,5.5,1725,1620,3160,1775,685
248.0,1000.0,1870.0,8590,0.4,8.1,2.8,1080.0,6400.0,0.8,32.7,82.0,28.5,1515,1005,2.5,34.1,451.0,66.0,3.0,1.5,1685,1020,2015,2310,1565
135.0,1563.0,600.0,1430,0.6,9.5,1.6,430.0,1300.0,0.4,,6.0,19.4,70,420,1.6,33.1,285.0,54.0,1.0,5.4,45,135,355,320,575
143.0,1408.0,600.0,1430,0.6,9.5,1.6,430.0,1300.0,0.4,,6.0,19.4,70,420,1.6,33.1,285.0,54.0,1.0,5.4,45,135,355,320,575
147.0,1770.0,850.0,1800,0.3,22.8,2.2,120.0,1400.0,0.5,24.0,45.0,9.9,215,455,1.8,48.3,291.0,32.0,2.0,2.2,245,125,360,390,675
162.0,2686.0,1170.0,3390,0.2,10.9,2.4,745.0,2900.0,0.2,29.8,16.0,17.3,320,1295,1.6,37.2,303.0,40.0,1.0,5.9,315,330,1030,840,870
176.0,1240.0,980.0,4285,1.2,9.6,1.4,420.0,3300.0,0.5,21.9,10.0,10.7,615,1225,1.9,44.9,205.0,18.0,3.0,1.2,810,500,1700,840,430
219.0,3082.0,510.0,1835,1.3,12.0,0.9,355.0,1400.0,0.5,38.9,75.0,35.9,305,225,2.3,28.5,566.0,84.0,4.0,1.8,330,170,350,495,495
202.4691358024692,2025.0,820.0,2910,0.4,6.4,0.5,590.0,2300.0,0.5,36.6,42.0,28.5,375,565,2.0,34.3,407.0,58.0,3.0,3.0,390,260,715,750,800
125.0,2800.0,800.0,2130,0.4,2.7,0.5,135.0,1600.0,0.4,21.2,32.0,10.0,340,375,2.2,50.7,194.0,21.0,2.0,3.7,380,225,500,435,590
200.0,1307.0,1010.0,3400,0.5,1.4,0.9,335.0,2800.0,0.5,30.3,32.0,18.4,380,1145,1.7,33.1,240.0,65.0,2.0,2.2,355,320,1055,980,685
211.0,629.0,230.0,1630,0.3,0.9,4.2,755.0,1400.0,0.2,29.2,4.0,20.3,100,770,1.4,44.8,471.0,17.0,1.0,12.7,85,335,720,325,165
167.0,1141.0,50.0,390,0.2,2.7,3.8,115.0,300.0,0.5,41.5,1.0,40.9,35,140,1.6,27.4,554.0,47.0,1.0,8.1,50,40,175,95,40
190.0,1364.0,730.0,3245,0.2,2.8,2.3,715.0,2700.0,0.2,40.2,0.0,31.0,245,1415,1.5,34.4,395.0,29.0,1.0,10.1,265,255,1620,755,345
187.0,1530.0,830.0,4725,0.3,2.9,2.5,1255.0,4000.0,0.3,42.5,0.0,33.7,445,1730,1.6,31.6,491.0,31.0,1.0,16.3,440,490,2115,1070,615
174.63852813852813,924.0,1050.0,2805,0.1,3.4,2.2,425.0,2500.0,0.3,27.4,0.0,16.5,310,1130,1.6,51.2,388.0,17.0,1.0,14.1,270,250,835,775,675
230.0,1321.0,680.0,2640,0.4,3.5,2.2,950.0,2300.0,0.4,40.1,1.0,28.6,270,1060,1.6,38.7,521.0,24.0,1.0,12.6,260,245,915,730,495
193.0,1473.0,570.0,3030,0.2,3.6,1.1,620.0,2600.0,0.4,30.8,0.0,21.9,335,965,1.7,39.5,371.0,21.0,1.0,5.6,355,415,1360,660,240
186.0,1341.0,810.0,3480,0.2,3.8,1.4,565.0,2900.0,0.5,28.8,0.0,18.9,445,1115,1.7,43.2,374.0,15.0,1.0,8.5,445,380,1490,810,350
225.0,1093.0,810.0,3480,0.2,3.8,1.4,565.0,2900.0,0.5,28.8,0.0,18.9,445,1115,1.7,43.2,374.0,15.0,1.0,8.5,445,380,1490,810,350
272.0,778.0,680.0,4170,0.3,1.3,0.9,815.0,3400.0,0.2,45.5,1.0,39.1,495,1245,1.7,26.6,492.0,27.0,1.0,4.7,545,400,1895,825,505
276.0,950.0,100.0,720,0.4,2.6,0.7,140.0,500.0,0.5,61.4,0.0,67.2,75,145,1.9,9.9,566.0,25.0,1.0,2.8,100,25,430,80,80
157.0,1100.0,720.0,2915,0.3,3.9,1.3,325.0,2200.0,0.3,18.5,26.0,7.5,505,570,2.3,56.1,265.0,6.0,1.0,6.2,625,400,895,685,310
203.0,300.0,760.0,4120,0.5,5.9,2.9,630.0,3000.0,0.3,25.0,3.0,16.7,525,1105,2.0,43.1,295.0,19.0,1.0,8.6,685,685,1630,675,435
180.0,1509.0,1310.0,6080,0.5,6.8,3.0,730.0,4400.0,0.4,21.9,27.0,12.1,915,1540,2.0,47.6,266.0,32.0,1.0,2.6,1090,950,1980,1260,795
317.0,960.0,1300.0,4730,0.4,1.4,1.3,690.0,3700.0,0.3,41.7,1.0,30.4,520,1660,1.7,34.1,418.0,33.0,1.0,6.2,510,540,1715,875,1090
202.0,200.0,220.0,530,0.6,5.3,1.8,220.0,500.0,0.2,30.7,30.0,22.7,65,165,1.7,40.7,433.0,55.0,3.0,4.0,50,60,65,140,215
142.0,685.0,900.0,2455,0.4,9.3,1.9,405.0,2100.0,0.4,28.3,57.0,17.3,320,565,1.9,41.8,356.0,64.0,3.0,1.0,245,225,415,790,785
188.0,1385.0,850.0,4015,0.3,2.1,0.8,760.0,3000.0,0.6,49.8,73.0,42.6,675,405,2.6,30.0,883.0,84.0,2.0,1.5,890,460,670,1205,795
275.0,808.0,690.0,3185,0.4,0.9,1.6,1145.0,2700.0,0.3,42.5,20.0,31.1,230,1105,1.6,27.7,449.0,36.0,1.0,8.1,220,310,1360,795,510
180.0,1695.0,1350.0,6620,0.7,9.2,2.0,595.0,5300.0,0.8,32.3,74.0,24.8,1205,765,2.4,32.7,378.0,70.0,2.0,1.3,1035,775,1580,2125,1105
163.0,1965.0,790.0,1645,0.4,15.7,1.9,350.0,1400.0,0.3,33.3,10.0,18.3,115,510,1.6,33.3,327.0,41.0,1.0,5.0,95,95,340,380,725
122.0,1065.0,790.0,1645,0.4,15.7,1.9,350.0,1400.0,0.3,33.3,10.0,18.3,115,510,1.6,33.3,327.0,41.0,1.0,5.0,95,95,340,380,725
172.0,1500.0,430.0,2960,0.5,14.5,3.2,295.0,2300.0,0.6,31.3,64.0,29.5,575,270,2.6,33.7,405.0,67.0,2.0,0.8,625,400,740,900,290
163.0,500.0,1170.0,3670,0.4,4.4,1.3,705.0,3000.0,0.3,38.3,54.0,29.4,525,900,1.9,34.1,498.0,57.0,1.0,5.4,615,270,755,1020,1010
148.0,2025.0,500.0,2190,0.5,4.1,0.7,475.0,1600.0,0.4,44.1,77.0,42.3,365,285,2.5,28.7,733.0,85.0,2.0,3.2,470,230,415,610,465
156.0,1040.0,750.0,1785,0.6,6.7,3.1,160.0,1500.0,0.4,34.1,70.0,24.9,230,320,2.1,38.1,404.0,73.0,3.0,2.0,195,190,255,455,695
178.0,900.0,750.0,1785,0.6,6.7,3.1,160.0,1500.0,0.4,34.1,70.0,24.9,230,320,2.1,38.1,404.0,73.0,3.0,2.0,195,190,255,455,695
149.88979848866498,1588.0,600.0,1780,0.3,5.3,1.2,810.0,1400.0,0.3,42.5,69.0,34.6,215,405,1.9,33.4,707.0,70.0,3.0,1.9,205,140,290,565,580
184.0,1180.0,1790.0,8655,0.9,3.7,2.7,750.0,7200.0,0.8,31.0,84.0,24.5,1530,980,2.4,32.7,356.0,76.0,2.0,1.1,1260,1060,2005,2930,1410
180.0,1499.0,2420.0,7380,0.5,7.6,0.6,715.0,6100.0,0.4,24.8,51.0,12.0,1095,1775,1.9,43.4,254.0,43.0,2.0,3.4,1040,785,1885,1960,1710
176.0,1970.0,280.0,650,0.4,10.8,1.6,120.0,600.0,0.4,22.1,40.0,10.7,75,205,1.8,50.2,185.0,31.0,2.0,4.0,95,50,130,160,220
180.0,1218.0,280.0,650,0.4,10.8,1.6,120.0,600.0,0.4,22.1,40.0,10.7,75,205,1.8,50.2,185.0,31.0,2.0,4.0,95,50,130,160,220
165.0,2450.0,210.0,840,0.5,11.0,1.8,85.0,600.0,0.3,31.8,75.0,27.5,135,90,2.4,32.8,348.0,71.0,2.0,1.0,100,110,180,275,170
182.0,2335.0,800.0,2910,1.0,8.6,1.7,315.0,2400.0,0.9,26.8,82.0,16.6,465,385,2.3,40.7,289.0,65.0,5.0,0.6,465,340,620,835,650
167.0,975.0,370.0,780,0.3,3.1,0.9,100.0,700.0,0.1,25.6,5.0,14.2,65,320,1.5,46.2,187.0,47.0,1.0,5.0,65,40,165,215,300
144.0,1495.0,370.0,780,0.3,3.1,0.9,100.0,700.0,0.1,25.6,5.0,14.2,65,320,1.5,46.2,187.0,47.0,1.0,5.0,65,40,165,215,300
160.0,1718.0,1560.0,5165,0.3,3.1,1.6,400.0,3800.0,0.5,20.6,21.0,9.4,810,1285,1.9,50.4,156.0,27.0,1.0,4.6,1015,510,1705,1135,810
178.0,1770.0,1560.0,5165,0.3,3.1,1.6,400.0,3800.0,0.5,20.6,21.0,9.4,810,1285,1.9,50.4,156.0,27.0,1.0,4.6,1015,510,1705,1135,810
274.0,2655.0,1130.0,2040,0.5,2.4,2.8,180.0,1800.0,0.4,23.5,0.0,7.7,160,910,1.5,50.9,212.0,21.0,1.0,2.6,170,100,370,485,915
172.0,1189.0,2030.0,10345,0.3,4.5,4.6,1935.0,6900.0,0.5,48.5,29.0,42.1,1475,2210,2.1,29.5,600.0,58.0,1.0,4.5,1715,1215,2515,3005,1895
232.0,1459.0,1380.0,6040,0.3,4.6,5.6,1060.0,4700.0,0.5,33.3,12.0,29.3,865,1585,1.9,32.0,350.0,62.0,1.0,7.0,940,585,1730,1595,1185
142.0,150.0,2540.0,12620,0.4,2.6,3.7,2420.0,9300.0,0.4,35.2,10.0,27.3,1310,4370,1.7,39.1,343.0,32.0,1.0,6.6,1470,1620,4955,3100,1475
186.0,1283.0,670.0,4895,0.3,1.3,1.0,1365.0,3400.0,0.5,41.9,17.0,42.5,600,1440,1.8,25.8,408.0,51.0,1.0,6.1,790,500,1930,1120,560
134.0,309.0,1570.0,9250,0.3,1.7,1.5,1340.0,7400.0,0.4,37.7,3.0,35.4,1055,2685,1.7,27.9,327.0,54.0,1.0,5.4,1120,815,4035,2045,1230
191.0,1270.0,1820.0,7585,0.4,2.0,3.1,1750.0,6100.0,0.5,30.6,6.0,22.3,740,2950,1.6,44.2,282.0,26.0,1.0,7.8,800,1065,2785,1925,1020
188.0,350.0,1820.0,7585,0.4,2.0,3.1,1750.0,6100.0,0.5,30.6,6.0,22.3,740,2950,1.6,44.2,282.0,26.0,1.0,7.8,800,1065,2785,1925,1020
211.0,1300.0,420.0,2570,0.5,1.2,2.5,1730.0,1900.0,0.6,46.5,13.0,34.1,150,1175,1.5,32.4,481.0,28.0,1.0,6.1,170,350,1145,555,350
198.0,1064.0,1700.0,7320,0.4,1.3,2.3,1845.0,5800.0,0.4,27.7,7.0,17.6,665,3185,1.5,49.2,244.0,13.0,1.0,11.4,650,1175,2980,1680,835
186.8382137628112,1366.0,1100.0,8240,0.3,3.0,4.3,1710.0,6100.0,0.3,21.0,2.0,9.5,1265,2030,2.0,44.1,202.0,51.0,1.0,8.4,1430,1245,3090,1910,550
207.0,1496.0,450.0,3445,0.2,7.7,0.9,425.0,2600.0,0.5,29.7,84.0,25.6,695,250,2.8,36.1,376.0,63.0,2.0,2.0,645,555,840,1145,260
189.0,1238.0,450.0,3445,0.2,7.7,0.9,425.0,2600.0,0.5,29.7,84.0,25.6,695,250,2.8,36.1,376.0,63.0,2.0,2.0,645,555,840,1145,260
253.0,2414.0,970.0,7060,0.2,5.7,2.1,780.0,5300.0,0.9,30.1,64.0,28.8,1460,735,2.5,35.4,368.0,48.0,2.0,1.5,1425,1040,1815,2165,615
149.0,1188.0,480.0,1565,0.5,12.1,1.5,305.0,1300.0,0.2,29.2,44.0,16.9,190,385,1.8,34.8,304.0,60.0,2.0,5.2,175,160,410,410,405
127.0,1005.0,940.0,3260,0.4,8.6,1.1,200.0,2500.0,0.5,23.5,7.0,10.7,485,840,1.9,44.1,254.0,40.0,1.0,1.3,545,330,1055,705,635
183.0,2200.0,0.0,5,,,,135.0,0.0,,,,,0,5,1.7,,,,2.0,,0,0,0,0,0
142.0,1000.0,660.0,2810,0.5,6.6,0.4,340.0,2200.0,0.4,31.7,83.0,23.5,445,340,2.4,36.5,414.0,76.0,2.0,1.2,430,365,535,875,595
254.0,2000.0,510.0,1720,1.0,8.2,1.3,155.0,1400.0,0.3,28.1,40.0,20.7,235,245,2.3,40.6,386.0,78.0,1.0,3.1,295,175,335,445,465
121.0,1424.0,270.0,2290,0.6,0.6,2.5,440.0,1900.0,0.7,35.0,25.0,30.9,165,1005,1.5,31.5,338.0,39.0,1.0,3.5,155,470,1020,425,215
152.0,700.0,120.0,900,0.9,19.0,0.5,245.0,700.0,0.8,33.7,87.0,30.4,155,75,2.7,30.9,482.0,87.0,5.0,1.5,210,90,245,235,120
201.0,1451.0,230.0,1025,0.8,9.9,1.3,100.0,900.0,0.4,,72.0,20.7,155,140,2.2,35.6,379.0,72.0,3.0,1.2,110,135,170,390,220
165.0,1000.0,0.0,2865,,,,270.0,,0.7,,70.0,,415,445,2.2,,434.0,70.0,2.0,,430,330,600,800,705
160.0,1733.0,0.0,3000,,,,345.0,,0.4,,67.0,,590,220,2.8,,603.0,81.0,3.0,,915,215,1080,635,155
228.0,840.0,1050.0,6330,0.3,0.8,2.9,2195.0,4700.0,0.4,39.3,1.0,30.8,465,2370,1.5,32.4,332.0,16.0,1.0,9.9,470,1100,2920,1135,710
103.0,800.0,2090.0,11895,0.3,1.3,2.5,2260.0,9800.0,0.4,30.0,6.0,22.3,1490,3815,1.8,42.7,313.0,32.0,1.0,8.7,1505,1890,4610,2785,1100
127.0,600.0,960.0,5755,0.6,3.0,2.0,825.0,4100.0,0.7,32.2,0.0,24.2,265,3125,1.3,44.2,291.0,31.0,1.0,4.5,250,2110,1880,710,805
203.55492270138325,2458.0,9090.0,28890,0.5,7.9,1.6,2550.0,22000.0,0.6,23.0,34.0,12.4,4560,6405,2.0,46.6,210.0,34.0,1.0,2.2,4995,3135,8005,6795,5970
149.0,1180.0,1170.0,4860,0.5,13.5,2.2,435.0,4000.0,0.5,28.5,84.0,20.1,770,780,2.2,36.6,239.0,73.0,4.0,1.0,725,520,1225,1425,970
179.0,1770.0,3330.0,11155,0.6,7.1,1.6,1305.0,8900.0,0.5,26.7,19.0,16.7,1410,3520,1.7,42.4,236.0,38.0,1.0,2.9,1400,1630,3115,2500,2510
159.0,1222.0,9670.0,25690,0.6,8.4,2.1,2170.0,20800.0,0.7,26.5,37.0,16.1,3725,5980,1.9,43.3,255.0,38.0,1.0,1.9,3760,2330,5610,6125,7870
127.0,1000.0,3140.0,12395,0.4,6.6,2.1,1080.0,9000.0,0.5,20.6,28.0,10.5,2160,2595,2.1,50.0,201.0,31.0,1.0,6.6,2600,1600,3765,2890,1540
162.0,3600.0,6950.0,22940,0.9,14.2,1.4,1730.0,17800.0,0.6,26.1,56.0,17.1,3605,4305,2.1,41.2,234.0,40.0,2.0,1.9,3560,2355,5700,6085,5245
252.0,3300.0,700.0,2200,0.6,4.6,1.5,280.0,1500.0,0.2,22.2,0.0,9.1,295,695,1.7,47.1,201.0,23.0,1.0,3.8,295,195,815,465,430
209.0,1549.0,1720.0,6400,0.2,10.1,1.3,875.0,5300.0,0.3,26.9,27.0,14.7,860,1765,1.8,39.5,212.0,47.0,1.0,4.0,810,685,1915,1715,1285
186.0,1705.0,1720.0,6400,0.2,10.1,1.3,875.0,5300.0,0.3,26.9,27.0,14.7,860,1765,1.8,39.5,212.0,47.0,1.0,4.0,810,685,1915,1715,1285
175.0,1868.0,300.0,1550,0.3,7.0,1.2,135.0,1200.0,0.3,22.0,44.0,10.5,260,260,2.3,40.4,223.0,55.0,2.0,2.8,320,165,495,385,185
181.0,1228.0,670.0,2800,0.6,0.9,1.6,685.0,2400.0,0.4,37.0,39.0,26.9,310,810,1.8,29.5,317.0,46.0,2.0,3.2,285,320,940,730,520
221.0,882.0,1330.0,4985,0.4,14.3,1.7,740.0,4100.0,0.6,29.8,52.0,20.4,720,1100,2.0,34.1,276.0,65.0,1.0,3.4,690,460,1400,1305,1140
158.0,1100.0,3110.0,10380,0.3,12.8,1.1,820.0,8100.0,0.6,24.3,52.0,14.7,1705,1890,2.2,43.6,241.0,40.0,1.0,1.0,1935,1195,2705,2480,2065
129.0,2361.0,380.0,935,0.3,4.2,1.2,85.0,800.0,0.3,30.5,53.0,20.2,115,145,2.1,39.2,253.0,61.0,1.0,4.2,125,70,180,225,335
187.0,1428.0,110.0,365,0.3,6.3,1.9,35.0,300.0,0.1,32.3,63.0,21.1,50,50,2.1,32.8,287.0,77.0,2.0,2.0,35,30,65,130,100
175.0,1149.0,110.0,365,0.3,6.3,1.9,35.0,300.0,0.1,32.3,63.0,21.1,50,50,2.1,32.8,287.0,77.0,2.0,2.0,35,30,65,130,100
165.0,2807.0,10.0,85,2.4,22.3,1.2,535.0,100.0,2.2,,96.0,,10,15,2.5,,382.0,71.0,4.0,0.3,15,25,10,25,10
171.0,2000.0,610.0,1945,0.5,32.4,2.7,110.0,1600.0,0.5,23.2,75.0,13.0,280,410,2.0,44.6,177.0,58.0,2.0,1.7,280,260,510,485,410
157.0,1100.0,500.0,1325,0.7,10.7,0.5,175.0,1100.0,0.6,29.4,82.0,19.3,145,220,2.0,39.0,311.0,79.0,5.0,1.8,145,100,210,395,470
96.0,1201.0,700.0,2495,0.4,15.8,0.9,290.0,2100.0,0.6,27.1,92.0,17.8,345,385,2.2,41.7,247.0,84.0,4.0,0.9,360,250,525,695,670
161.0,2081.0,1690.0,3730,0.4,2.9,1.5,530.0,3200.0,0.6,28.0,26.0,13.1,300,1370,1.6,43.6,184.0,41.0,2.0,2.9,240,330,785,1020,1360
124.0,1125.0,1690.0,3730,0.4,2.9,1.5,530.0,3200.0,0.6,28.0,26.0,13.1,300,1370,1.6,43.6,184.0,41.0,2.0,2.9,240,330,785,1020,1360
167.63732627399074,4533.0,0.0,10,1.4,2.4,0.4,60.0,0.0,0.1,,,,0,0,2.2,,,,2.0,3.0,0,0,0,10,5
145.0,1223.0,270.0,1080,0.4,3.5,1.2,75.0,900.0,0.5,25.7,85.0,14.6,150,195,2.1,37.5,202.0,78.0,3.0,2.0,160,95,275,310,235
137.0,1601.0,310.0,820,0.4,14.5,1.7,125.0,600.0,0.2,24.3,51.0,11.3,75,185,1.8,51.3,219.0,54.0,1.0,6.2,60,70,215,250,225
210.0,225.0,910.0,3450,0.7,1.3,3.8,470.0,2900.0,0.5,30.5,2.0,14.5,130,1830,1.3,36.7,211.0,19.0,1.0,8.6,110,670,1590,560,510
142.0,800.0,2150.0,5955,0.4,4.0,2.2,625.0,5000.0,0.5,29.3,54.0,19.9,790,1375,1.9,40.2,318.0,53.0,2.0,2.3,770,635,1165,1480,1905
203.0,1274.0,540.0,3895,0.8,1.4,3.7,1265.0,3100.0,0.5,36.7,8.0,25.1,165,2170,1.3,36.5,314.0,19.0,1.0,3.4,150,1040,1800,530,365
166.0,1700.0,560.0,3355,0.3,3.6,1.9,455.0,2600.0,0.4,32.2,78.0,27.6,535,745,2.0,36.2,371.0,66.0,1.0,3.3,565,510,1025,845,410
177.0,2600.0,210.0,1890,0.5,4.1,2.8,155.0,1200.0,0.6,31.3,81.0,37.4,350,170,2.6,27.1,415.0,66.0,2.0,0.7,490,140,800,315,145
213.0,1600.0,1460.0,4735,0.4,4.0,3.8,325.0,3900.0,0.6,26.3,61.0,14.5,615,1290,1.9,42.4,271.0,45.0,2.0,1.5,625,550,1305,1145,1105
174.0,2450.0,890.0,3695,0.4,6.0,3.4,620.0,3000.0,0.6,30.1,92.0,23.0,600,475,2.3,35.8,319.0,77.0,2.0,1.0,575,400,905,1060,765
178.0,1131.0,1470.0,5180,0.4,4.7,1.9,385.0,4100.0,0.6,23.1,68.0,12.0,840,1145,2.0,48.1,266.0,35.0,2.0,2.5,855,680,1395,1310,935
135.0,940.0,560.0,1305,0.5,10.6,1.1,230.0,1100.0,0.2,,33.0,12.6,135,335,1.8,45.0,274.0,37.0,2.0,4.9,135,115,275,285,490
149.0,1020.0,770.0,2305,0.9,5.6,3.2,245.0,1900.0,0.5,25.2,75.0,15.4,320,400,2.1,43.4,278.0,59.0,3.0,3.6,300,225,500,665,615
120.0,2000.0,1310.0,6285,0.5,1.0,2.7,2105.0,5700.0,0.3,42.1,14.0,27.7,385,2635,1.5,27.5,390.0,33.0,1.0,4.4,305,925,2580,1445,1035
170.0,2100.0,770.0,2390,0.5,3.8,1.8,355.0,2000.0,0.9,29.1,73.0,22.6,320,420,2.1,36.6,301.0,73.0,2.0,2.8,330,240,510,610,700
112.0,846.0,2410.0,8090,0.6,9.9,1.2,1055.0,6600.0,0.5,30.7,82.0,21.9,1170,1120,2.2,37.8,374.0,69.0,4.0,2.5,1195,815,1580,2360,2145
179.0,1840.0,2010.0,5550,0.6,6.7,2.3,800.0,4500.0,0.5,37.6,67.0,26.1,745,1020,2.1,36.6,399.0,64.0,3.0,3.5,775,480,1030,1415,1855
158.0,1501.0,2010.0,5550,0.6,6.7,2.3,800.0,4500.0,0.5,37.6,67.0,26.1,745,1020,2.1,36.6,399.0,64.0,3.0,3.5,775,480,1030,1415,1855
189.0,1225.0,490.0,2080,0.6,9.1,4.0,225.0,1700.0,0.8,35.3,73.0,34.3,335,185,2.5,35.9,448.0,83.0,4.0,0.9,315,300,295,730,440
156.0,1300.0,710.0,1895,0.3,20.6,2.4,460.0,1600.0,0.3,27.6,7.0,10.6,120,890,1.4,37.8,219.0,35.0,1.0,9.5,100,195,670,410,520
103.0,1605.0,1060.0,2900,0.6,7.9,1.4,400.0,2200.0,0.5,31.2,73.0,20.7,390,390,2.2,39.7,334.0,56.0,4.0,2.4,380,285,565,845,815
157.0,1398.0,1380.0,4600,0.5,8.9,1.6,595.0,3600.0,0.5,30.7,74.0,22.8,690,665,2.3,38.5,373.0,72.0,4.0,2.7,760,495,945,1175,1225
121.0,600.0,770.0,2670,0.3,0.6,2.9,505.0,2400.0,0.4,28.9,11.0,14.0,130,1360,1.4,47.0,231.0,14.0,1.0,8.8,110,585,925,465,595
127.0,1826.0,320.0,1110,0.5,4.3,2.7,135.0,900.0,0.5,33.6,94.0,30.0,160,125,2.3,29.6,407.0,89.0,4.0,1.0,180,100,240,280,310
150.0,1500.0,360.0,1140,0.9,4.2,5.0,90.0,900.0,0.4,19.2,46.0,5.3,185,295,1.9,53.8,186.0,18.0,2.0,2.0,175,160,325,275,205
178.0,2500.0,280.0,330,0.6,7.0,3.8,50.0,300.0,0.1,21.3,0.0,2.8,10,165,1.3,57.8,229.0,0.0,2.0,3.0,5,5,15,30,280
104.0,2264.0,520.0,1655,0.4,8.9,3.0,195.0,1400.0,0.8,30.3,93.0,23.1,250,165,2.3,38.9,403.0,80.0,4.0,1.3,245,180,275,480,480
127.0,1081.0,850.0,2715,0.8,11.1,1.4,250.0,2300.0,0.4,27.7,63.0,14.8,400,595,2.0,45.1,287.0,44.0,3.0,1.5,390,295,695,685,660
173.2808510638298,2115.0,700.0,2920,0.4,5.5,1.0,450.0,2300.0,0.5,26.1,80.0,17.5,495,425,2.2,38.4,309.0,56.0,2.0,1.8,580,270,800,730,540
142.0,1300.0,930.0,3555,0.6,24.8,1.1,290.0,2600.0,0.7,24.9,86.0,17.7,530,540,2.1,41.3,267.0,75.0,4.0,1.5,480,340,845,1050,840
129.0,650.0,1370.0,2885,0.8,6.9,1.5,195.0,2400.0,0.4,24.6,62.0,10.4,335,680,1.8,47.0,187.0,52.0,3.0,1.9,310,235,490,785,1065
199.0,1460.0,400.0,635,0.4,7.3,1.5,100.0,600.0,0.2,23.3,7.0,7.4,30,290,1.4,50.1,174.0,40.0,2.0,2.9,30,35,100,130,340
159.0,1200.0,400.0,1440,1.3,4.8,2.0,90.0,1200.0,0.4,20.6,76.0,6.0,235,320,2.0,47.8,121.0,62.0,2.0,1.9,225,180,390,460,180
104.0,1078.0,2230.0,4625,0.6,8.8,1.2,525.0,3900.0,0.6,27.3,37.0,12.1,455,1340,1.7,44.3,182.0,44.0,2.0,3.2,410,355,800,1235,1835
118.0,1414.0,980.0,2890,0.5,9.8,1.2,165.0,2300.0,0.6,23.1,70.0,9.3,385,590,2.0,46.3,157.0,52.0,2.0,3.2,375,255,650,875,735
139.0,961.0,980.0,2890,0.5,9.8,1.2,165.0,2300.0,0.6,23.1,70.0,9.3,385,590,2.0,46.3,157.0,52.0,2.0,3.2,375,255,650,875,735
119.0,1500.0,2420.0,7520,0.9,17.7,0.4,495.0,5500.0,0.7,24.9,42.0,12.7,785,2355,1.7,49.5,165.0,37.0,3.0,2.5,750,1000,1390,2235,2150
158.0,1329.0,570.0,1690,0.3,1.6,1.2,140.0,1500.0,0.4,27.9,36.0,13.9,190,495,1.8,34.0,231.0,59.0,2.0,1.7,170,150,475,375,520
152.0,1500.0,1010.0,2240,0.8,24.3,1.5,445.0,2000.0,0.3,28.8,25.0,11.1,145,785,1.6,40.2,238.0,40.0,2.0,3.3,120,175,535,485,920
177.60372093023256,2150.0,1280.0,2620,0.8,0.8,2.1,610.0,2200.0,0.3,27.2,10.0,11.4,150,1125,1.4,43.2,241.0,28.0,2.0,5.0,105,210,685,500,1120
146.0,2680.0,50.0,215,0.4,0.5,3.8,55.0,200.0,0.7,26.4,5.0,11.4,25,85,1.6,34.1,171.0,14.0,2.0,4.8,35,20,115,30,10
122.0,1450.0,830.0,1770,0.3,13.9,0.9,265.0,1500.0,0.4,26.9,38.0,11.7,130,550,1.6,44.4,236.0,42.0,3.0,5.0,115,125,415,375,740
127.0,1600.0,450.0,1025,0.6,7.8,2.0,135.0,800.0,0.4,27.4,59.0,12.8,105,165,2.0,39.7,223.0,57.0,4.0,1.0,90,80,195,275,385
193.0,1300.0,470.0,1270,0.8,7.7,0.5,175.0,1100.0,0.5,33.2,63.0,27.0,160,245,2.1,37.3,424.0,75.0,3.0,2.9,145,140,185,355,445
127.0,1466.0,210.0,1355,0.3,8.2,1.2,130.0,1100.0,0.6,36.6,63.0,29.4,235,165,2.3,30.9,420.0,64.0,2.0,2.1,210,175,335,450,185
191.0,2216.0,70.0,390,0.5,9.0,1.2,75.0,300.0,0.4,38.0,80.0,34.4,55,50,2.4,34.4,456.0,76.0,2.0,2.8,60,60,80,115,75
190.0,1590.0,910.0,3520,0.5,13.9,0.7,700.0,2600.0,0.8,40.3,79.0,33.6,525,470,2.3,31.8,539.0,75.0,4.0,1.6,590,430,590,1045,860
196.1179744017808,1797.0,910.0,3520,0.5,13.9,0.7,700.0,2600.0,0.8,40.3,79.0,33.6,525,470,2.3,31.8,539.0,75.0,4.0,1.6,590,430,590,1045,860
169.0,1115.0,910.0,3520,0.5,13.9,0.7,700.0,2600.0,0.8,40.3,79.0,33.6,525,470,2.3,31.8,539.0,75.0,4.0,1.6,590,430,590,1045,860
166.0,1243.0,1500.0,5165,0.4,14.5,1.6,580.0,4000.0,0.5,29.1,58.0,22.2,810,875,2.2,41.1,337.0,50.0,2.0,2.4,965,635,1135,1345,1090
125.0,1320.0,1540.0,5140,0.5,18.4,0.4,710.0,4000.0,0.6,30.4,76.0,22.6,730,710,2.2,38.0,351.0,64.0,4.0,1.0,745,530,1020,1500,1340
176.0,2282.0,100.0,1285,0.4,9.5,0.8,150.0,800.0,0.5,38.5,74.0,51.4,270,45,3.1,16.9,520.0,77.0,3.0,1.0,420,90,490,210,80
155.0,1108.0,390.0,1035,0.4,2.2,1.1,85.0,800.0,0.4,24.0,72.0,13.3,145,160,2.1,44.8,266.0,61.0,2.0,2.0,140,115,195,265,325
160.0,1080.0,490.0,1355,0.3,2.4,0.8,120.0,1100.0,0.4,22.7,65.0,12.3,195,195,2.3,46.1,,42.0,1.0,2.1,205,150,295,295,405
137.0,1534.0,1140.0,3520,0.3,38.1,0.7,660.0,3000.0,0.7,31.5,83.0,17.7,390,910,1.8,39.4,225.0,58.0,3.0,1.1,360,305,800,1090,965
136.0,1007.0,1010.0,3435,0.6,14.8,1.5,360.0,2800.0,0.8,30.2,90.0,20.8,505,435,2.2,38.1,289.0,74.0,5.0,1.3,495,340,610,1065,925
106.0,2233.0,1010.0,3435,0.6,14.8,1.5,360.0,2800.0,0.8,30.2,90.0,20.8,505,435,2.2,38.1,289.0,74.0,5.0,1.3,495,340,610,1065,925
194.0,2636.0,1250.0,3025,0.8,15.7,0.6,460.0,2500.0,0.4,30.2,50.0,16.9,330,790,1.8,38.8,259.0,47.0,2.0,2.6,290,265,575,765,1135
143.0,1300.0,1410.0,5510,0.4,18.4,2.8,490.0,4400.0,0.7,27.4,88.0,17.8,855,760,2.3,40.1,255.0,59.0,4.0,0.8,850,625,1270,1620,1145
182.0,2420.0,1610.0,4335,0.6,52.5,1.2,465.0,3700.0,0.6,26.0,81.0,13.6,535,940,1.9,45.9,213.0,62.0,4.0,2.6,540,400,855,1200,1345
169.0,1689.0,1460.0,3565,0.7,13.3,0.4,430.0,2900.0,0.6,28.7,60.0,16.0,425,720,1.9,43.7,243.0,49.0,4.0,1.7,360,295,625,1020,1265
158.0,1894.0,490.0,910,0.4,12.7,1.4,240.0,800.0,0.2,25.8,14.0,10.4,45,310,1.6,44.3,250.0,42.0,2.0,6.0,45,65,215,155,420
157.0,1735.0,490.0,910,0.4,12.7,1.4,240.0,800.0,0.2,25.8,14.0,10.4,45,310,1.6,44.3,250.0,42.0,2.0,6.0,45,65,215,155,420
150.0,1760.0,350.0,845,0.5,20.1,0.9,160.0,700.0,0.3,25.3,45.0,11.4,95,190,1.9,47.6,239.0,38.0,3.0,3.0,95,80,200,210,260
188.0,1933.0,1730.0,4630,0.4,12.9,0.8,805.0,3900.0,0.4,26.6,40.0,14.8,575,1145,1.9,43.8,319.0,51.0,2.0,3.8,610,410,1115,1005,1495
173.0,2417.0,1140.0,4545,0.5,15.8,0.7,480.0,3700.0,0.7,31.5,77.0,25.5,725,565,2.3,35.8,373.0,68.0,4.0,0.9,725,520,905,1350,1040
104.0,1342.0,1460.0,4380,0.5,16.0,0.7,465.0,3600.0,0.4,26.3,81.0,13.5,615,660,2.2,43.4,287.0,63.0,4.0,2.6,545,465,805,1275,1290
126.0,2049.0,1550.0,4315,0.6,5.1,1.7,820.0,3600.0,0.5,25.1,48.0,12.2,545,1235,1.8,47.5,168.0,41.0,2.0,2.3,500,475,1080,1230,1035
85.0,945.0,1630.0,5530,0.9,20.9,2.5,495.0,4300.0,0.8,22.9,91.0,10.4,835,705,2.4,47.3,247.0,65.0,4.0,1.5,970,600,1220,1420,1315
168.0,2433.0,400.0,1570,0.4,5.4,2.6,220.0,1300.0,0.4,25.5,67.0,16.9,230,260,2.2,40.7,249.0,61.0,3.0,2.0,235,190,380,450,315
138.0,1346.0,2510.0,6985,0.6,16.2,1.6,835.0,5700.0,0.6,26.0,73.0,12.9,900,1095,2.1,45.0,257.0,58.0,3.0,2.6,845,715,1470,1890,2075
150.0,1777.0,660.0,1925,0.6,41.7,0.8,125.0,1600.0,0.5,23.4,78.0,13.9,275,360,2.1,47.9,218.0,37.0,3.0,2.1,275,235,370,485,560
188.0,1600.0,450.0,3130,0.5,10.6,0.9,255.0,2400.0,0.5,33.5,78.0,33.2,615,300,2.6,35.4,366.0,74.0,2.0,0.9,530,565,555,1105,365
216.0,2000.0,660.0,1725,0.4,17.6,1.7,125.0,1200.0,0.7,22.5,14.0,10.9,245,385,1.9,47.8,163.0,21.0,1.0,2.4,255,230,490,390,355
186.0,2388.0,480.0,1455,0.4,6.5,1.7,325.0,1200.0,0.3,35.3,27.0,27.8,165,475,1.7,32.5,394.0,46.0,1.0,4.4,160,150,410,370,355
141.0,1698.0,600.0,1420,0.6,10.2,1.2,240.0,1200.0,0.4,25.9,49.0,13.6,145,345,1.8,46.5,265.0,51.0,3.0,4.9,130,120,305,395,465
115.0,800.0,450.0,2160,0.7,11.3,0.8,140.0,1800.0,0.6,27.3,88.0,18.2,380,205,2.5,38.2,312.0,72.0,4.0,1.4,350,290,495,720,310
102.0,1240.0,980.0,1655,0.6,15.1,1.8,235.0,1400.0,0.2,25.1,32.0,9.4,105,550,1.6,52.8,307.0,41.0,3.0,3.6,85,90,240,310,930
198.0,1400.0,340.0,455,0.8,15.9,1.3,110.0,300.0,0.3,24.2,7.0,5.6,20,165,1.5,55.9,197.0,43.0,2.0,3.6,15,20,35,80,295
148.0,911.0,600.0,2565,0.6,15.2,1.3,205.0,2000.0,0.8,26.8,86.0,18.4,450,325,2.4,36.3,286.0,59.0,3.0,0.6,515,250,730,600,460
165.0,1322.0,310.0,595,0.4,26.8,1.0,30.0,500.0,0.5,,42.0,10.9,65,160,1.8,48.9,205.0,28.0,2.0,1.0,45,45,75,145,290
192.0,1665.0,280.0,1235,0.6,27.4,0.5,270.0,1000.0,0.2,,39.0,17.4,155,365,1.8,34.0,227.0,49.0,2.0,2.4,140,140,420,355,190
165.0,1330.0,280.0,1235,0.6,27.4,0.5,270.0,1000.0,0.2,,39.0,17.4,155,365,1.8,34.0,227.0,49.0,2.0,2.4,140,140,420,355,190
152.0,450.0,280.0,1235,0.6,27.4,0.5,270.0,1000.0,0.2,,39.0,17.4,155,365,1.8,34.0,227.0,49.0,2.0,2.4,140,140,420,355,190
168.0,1431.0,2230.0,8110,0.7,9.5,0.8,705.0,6400.0,0.8,28.2,70.0,20.1,1200,1155,2.2,39.1,273.0,64.0,3.0,1.8,1260,845,1915,2105,1990
143.0,1440.0,30.0,1305,1.0,27.8,3.9,80.0,100.0,0.5,23.1,58.0,17.6,135,400,1.7,46.3,174.0,42.0,4.0,0.0,95,110,180,320,590
112.0,820.0,0.0,2100,,,,135.0,,0.6,,93.0,,335,340,2.2,,176.0,56.0,5.0,,360,255,450,580,465
137.0,1140.0,1680.0,3935,0.7,16.3,0.6,450.0,3100.0,0.5,22.5,67.0,8.7,480,810,1.9,48.8,208.0,50.0,3.0,2.6,500,310,810,890,1420
142.0,1000.0,410.0,1370,0.6,26.0,1.5,55.0,1000.0,0.6,,91.0,8.6,255,165,2.4,49.4,151.0,46.0,4.0,1.4,265,170,305,375,255
185.0,1536.0,0.0,3390,,,,205.0,,0.4,,73.0,,585,665,2.1,,207.0,52.0,1.0,,560,405,1120,950,350
177.0,2900.0,0.0,1020,,,,210.0,,0.6,,7.0,,55,345,1.5,,246.0,27.0,2.0,,35,65,180,160,580
127.0,1400.0,0.0,4410,,,,395.0,,0.6,,66.0,,820,435,2.6,,334.0,66.0,3.0,,1095,425,1395,1025,465
120.0,833.0,780.0,3000,0.9,16.3,0.8,210.0,2400.0,0.4,25.9,95.0,15.2,485,400,2.2,38.9,239.0,71.0,4.0,1.0,510,315,740,820,620
170.0,2045.0,1280.0,7095,0.7,16.2,1.6,550.0,5600.0,0.8,29.6,77.0,22.4,1215,860,2.4,33.2,299.0,72.0,3.0,0.8,1295,795,1965,2185,860
123.0,1674.0,0.0,1875,,,,270.0,,0.5,,43.0,,150,560,1.7,,238.0,47.0,3.0,,150,170,435,445,685
163.0,1874.0,1220.0,3950,0.3,25.3,1.3,330.0,3200.0,0.5,24.7,85.0,12.9,625,630,2.2,45.1,273.0,53.0,3.0,2.8,565,485,940,1095,865
